Id,FirstName,LastName,Email
St0001,Qiao,Li,ql@gmail.com
St0002,Tony,Stark,ironman@stark.com
St0003,Hulk,Banner,bruce@green.me
St0004,Peter,Parker,peter.parker@spider.net
St0010,John,Doe,jd@gmail.com
St0011,Hero,Anna,11@hotmail.com
St0012,Hanna,Benny,12@hotmal.com
St0013,Cindy,Dong,13@hotmail.com
St0014,Dafuni,Channel,14@hotmal.com
St0015,Emily,Eafgdg,15@hotmail.com
St0016,Frank,Zhuu,16@hotmal.com
St0017,Grace,Glan,17@hotmail.com
St0018,Tom,Terty,182@hotmal.com
St00111,Hero,Anna,11@hotmail.com
St00121,Hanna,Benny,12@hotmal.com
St00131,Cindy,Dong,13@hotmail.com
St00141,Dafuni,Channel,14@hotmal.com
St00151,Emily,Eafgdg,15@hotmail.com
St00161,Frank,Zhuu,16@hotmal.com
St00171,Grace,Glan,17@hotmail.com
St00181,Tom,Terty,182@hotmal.com
St0131,Cindy,Dong,13@hotmail.com
St0141,Dafuni,Channel,14@hotmal.com
St0151,Emily,Eafgdg,15@hotmail.com
St0161,Frank,Zhuu,16@hotmal.com
St0171,Grace,Glan,17@hotmail.com
St0181,Tom,Terty,182@hotmal.com